{
    "ie_model": 0.7331109046936035,
    "ns_model": 0.6230191588401794,
    "tf_model": 0.7289407849311829,
    "jp_model": 0.606338620185852,
    "func_pair_model": 0.44976526498794556
}