{
    "ie_model": 0.7289407849311829,
    "ns_model": 0.6230191588401794,
    "tf_model": 0.7197664976119995,
    "jp_model": 0.5963302850723267,
    "func_pair_model": 0.44976526498794556
}